{
	"name": "mikes-custom-compendiums",
	"title": "Mikes Custom Compendiums",
	"description": "Missing Spells and features from SRD",
	"author": "Mike Van Value",
	"version": "1.0.2",
	"minimumCoreVersion": "0.6.0",
	"compatibleCoreVersion": "0.7.9",
	"url": "IncludewebsiteURLhere if you want",
	"manifest": "https://github.com/Alithinar/mikes-custom-compendiums/blob/main/module.json",
	"download": "DownloadURLhere",
	"packs": [
	{
		"name": "missing_spells",
		"label": "Mikes Missing Spells",
		"system": "dnd5e",
		"path": "./packs/missing-spells.db",
		"entity": "Item"
	},
	{
		"name": "missing_classes",
		"label": "Mikes Missing Classes",
		"system": "dnd5e",
		"path": "./packs/missing-classes.db",
		"entity": "Item"
	}
	]
}